{
  "project_info": {
    "project_number": "95389256951",
    "project_id": "test-application-44649",
    "storage_bucket": "test-application-44649.appspot.com"
  },
  "client": [
    {
      "client_info": {
        "mobilesdk_app_id": "1:95389256951:android:5223d5dacc4540003757f2",
        "android_client_info": {
          "package_name": "org.codeforiraq.testapplication"
        }
      },
      "oauth_client": [
        {
          "client_id": "95389256951-0jpd9h050mgshpjh43dkk2scj5r61ief.apps.googleusercontent.com",
          "client_type": 1,
          "android_info": {
            "package_name": "org.codeforiraq.testapplication",
            "certificate_hash": "36025d43d8864f6927fab19f3b1fc11e75c0d0ca"
          }
        },
        {
          "client_id": "95389256951-53aapsatkcskhc67i7k4smhsa6dkb8uj.apps.googleusercontent.com",
          "client_type": 3
        }
      ],
      "api_key": [
        {
          "current_key": "AIzaSyAgH0FdWvc0qK0vBDSrQDo6mAPP_HR8mbE"
        }
      ],
      "services": {
        "appinvite_service": {
          "other_platform_oauth_client": [
            {
              "client_id": "95389256951-53aapsatkcskhc67i7k4smhsa6dkb8uj.apps.googleusercontent.com",
              "client_type": 3
            }
          ]
        }
      }
    }
  ],
  "configuration_version": "1"
}